DIM_TIME,DIM_GEO_CODE_M49,DIM_GEO_CODE_TYPE,,GEO_NAME_SHORT,RATE_PER_100000_N,RATE_PER_100000_NL,RATE_PER_100000_NU
2000,4,COUNTRY,Asia,Afghanistan,190,122,271
2001,4,COUNTRY,Asia,Afghanistan,189,122,271
2002,4,COUNTRY,Asia,Afghanistan,189,122,270
2003,4,COUNTRY,Asia,Afghanistan,189,122,270
2004,4,COUNTRY,Asia,Afghanistan,189,122,270
2005,4,COUNTRY,Asia,Afghanistan,189,122,270
2006,4,COUNTRY,Asia,Afghanistan,189,122,270
2007,4,COUNTRY,Asia,Afghanistan,189,122,270
2008,4,COUNTRY,Asia,Afghanistan,189,122,271
2009,4,COUNTRY,Asia,Afghanistan,189,122,271
2010,4,COUNTRY,Asia,Afghanistan,189,122,271
2011,4,COUNTRY,Asia,Afghanistan,189,122,271
2012,4,COUNTRY,Asia,Afghanistan,189,122,270
2013,4,COUNTRY,Asia,Afghanistan,189,122,270
2014,4,COUNTRY,Asia,Afghanistan,189,122,270
2015,4,COUNTRY,Asia,Afghanistan,189,122,270
2016,4,COUNTRY,Asia,Afghanistan,189,122,270
2017,4,COUNTRY,Asia,Afghanistan,189,122,270
2018,4,COUNTRY,Asia,Afghanistan,189,122,270
2019,4,COUNTRY,Asia,Afghanistan,189,122,270
2020,4,COUNTRY,Asia,Afghanistan,183,118,260
2021,4,COUNTRY,Asia,Afghanistan,185,118,257
2022,4,COUNTRY,Asia,Afghanistan,185,117,255
2000,48,COUNTRY,Asia,Bahrain,33,29,39
2001,48,COUNTRY,Asia,Bahrain,30,25,34
2002,48,COUNTRY,Asia,Bahrain,29,25,34
2003,48,COUNTRY,Asia,Bahrain,39,33,45
2004,48,COUNTRY,Asia,Bahrain,34,29,39
2005,48,COUNTRY,Asia,Bahrain,36,31,41
2006,48,COUNTRY,Asia,Bahrain,33,28,38
2007,48,COUNTRY,Asia,Bahrain,33,28,38
2008,48,COUNTRY,Asia,Bahrain,31,27,36
2009,48,COUNTRY,Asia,Bahrain,32,27,37
2010,48,COUNTRY,Asia,Bahrain,23,20,27
2011,48,COUNTRY,Asia,Bahrain,21,18,25
2012,48,COUNTRY,Asia,Bahrain,21,18,24
2013,48,COUNTRY,Asia,Bahrain,19,16,22
2014,48,COUNTRY,Asia,Bahrain,17,15,20
2015,48,COUNTRY,Asia,Bahrain,15,13,17
2016,48,COUNTRY,Asia,Bahrain,13,11,15
2017,48,COUNTRY,Asia,Bahrain,12,10,14
2018,48,COUNTRY,Asia,Bahrain,12,10,14
2019,48,COUNTRY,Asia,Bahrain,14,12,16
2020,48,COUNTRY,Asia,Bahrain,15,13,17
2021,48,COUNTRY,Asia,Bahrain,15,13,18
2022,48,COUNTRY,Asia,Bahrain,15,13,17
2000,50,COUNTRY,Asia,Bangladesh,221,161,291
2001,50,COUNTRY,Asia,Bangladesh,221,161,291
2002,50,COUNTRY,Asia,Bangladesh,221,161,291
2003,50,COUNTRY,Asia,Bangladesh,221,161,291
2004,50,COUNTRY,Asia,Bangladesh,221,161,291
2005,50,COUNTRY,Asia,Bangladesh,221,161,291
2006,50,COUNTRY,Asia,Bangladesh,221,161,291
2007,50,COUNTRY,Asia,Bangladesh,221,161,291
2008,50,COUNTRY,Asia,Bangladesh,221,161,291
2009,50,COUNTRY,Asia,Bangladesh,221,161,291
2010,50,COUNTRY,Asia,Bangladesh,221,161,291
2011,50,COUNTRY,Asia,Bangladesh,221,161,291
2012,50,COUNTRY,Asia,Bangladesh,221,161,291
2013,50,COUNTRY,Asia,Bangladesh,221,161,291
2014,50,COUNTRY,Asia,Bangladesh,221,161,291
2015,50,COUNTRY,Asia,Bangladesh,221,161,291
2016,50,COUNTRY,Asia,Bangladesh,221,161,291
2017,50,COUNTRY,Asia,Bangladesh,221,161,291
2018,50,COUNTRY,Asia,Bangladesh,221,161,291
2019,50,COUNTRY,Asia,Bangladesh,221,161,291
2020,50,COUNTRY,Asia,Bangladesh,221,161,291
2021,50,COUNTRY,Asia,Bangladesh,221,161,291
2022,50,COUNTRY,Asia,Bangladesh,221,161,291
2000,64,COUNTRY,Asia,Bhutan,243,186,307
2001,64,COUNTRY,Asia,Bhutan,215,165,272
2002,64,COUNTRY,Asia,Bhutan,220,168,278
2003,64,COUNTRY,Asia,Bhutan,202,155,256
2004,64,COUNTRY,Asia,Bhutan,190,145,240
2005,64,COUNTRY,Asia,Bhutan,190,145,240
2006,64,COUNTRY,Asia,Bhutan,170,130,215
2007,64,COUNTRY,Asia,Bhutan,183,140,232
2008,64,COUNTRY,Asia,Bhutan,174,133,220
2009,64,COUNTRY,Asia,Bhutan,202,154,255
2010,64,COUNTRY,Asia,Bhutan,232,178,294
2011,64,COUNTRY,Asia,Bhutan,216,166,274
2012,64,COUNTRY,Asia,Bhutan,196,150,248
2013,64,COUNTRY,Asia,Bhutan,185,142,234
2014,64,COUNTRY,Asia,Bhutan,181,139,229
2015,64,COUNTRY,Asia,Bhutan,162,124,205
2016,64,COUNTRY,Asia,Bhutan,190,145,240
2017,64,COUNTRY,Asia,Bhutan,143,109,181
2018,64,COUNTRY,Asia,Bhutan,147,113,186
2019,64,COUNTRY,Asia,Bhutan,164,125,207
2020,64,COUNTRY,Asia,Bhutan,164,125,207
2021,64,COUNTRY,Asia,Bhutan,164,125,207
2022,64,COUNTRY,Asia,Bhutan,164,125,207
2000,96,COUNTRY,Asia,Brunei Darussalam,106,90,122
2001,96,COUNTRY,Asia,Brunei Darussalam,73,62,84
2002,96,COUNTRY,Asia,Brunei Darussalam,76,65,88
2003,96,COUNTRY,Asia,Brunei Darussalam,68,58,78
2004,96,COUNTRY,Asia,Brunei Darussalam,59,51,68
2005,96,COUNTRY,Asia,Brunei Darussalam,51,44,59
2006,96,COUNTRY,Asia,Brunei Darussalam,62,53,72
2007,96,COUNTRY,Asia,Brunei Darussalam,63,54,73
2008,96,COUNTRY,Asia,Brunei Darussalam,67,57,77
2009,96,COUNTRY,Asia,Brunei Darussalam,63,54,73
2010,96,COUNTRY,Asia,Brunei Darussalam,69,59,80
2011,96,COUNTRY,Asia,Brunei Darussalam,66,56,76
2012,96,COUNTRY,Asia,Brunei Darussalam,69,59,79
2013,96,COUNTRY,Asia,Brunei Darussalam,59,51,68
2014,96,COUNTRY,Asia,Brunei Darussalam,55,47,63
2015,96,COUNTRY,Asia,Brunei Darussalam,58,49,67
2016,96,COUNTRY,Asia,Brunei Darussalam,65,56,75
2017,96,COUNTRY,Asia,Brunei Darussalam,64,54,73
2018,96,COUNTRY,Asia,Brunei Darussalam,67,57,77
2019,96,COUNTRY,Asia,Brunei Darussalam,64,54,73
2020,96,COUNTRY,Asia,Brunei Darussalam,82,70,94
2021,96,COUNTRY,Asia,Brunei Darussalam,61,52,70
2022,96,COUNTRY,Asia,Brunei Darussalam,57,49,66
2000,104,COUNTRY,Asia,Myanmar,555,194,1100
2001,104,COUNTRY,Asia,Myanmar,555,195,1100
2002,104,COUNTRY,Asia,Myanmar,554,196,1090
2003,104,COUNTRY,Asia,Myanmar,552,197,1080
2004,104,COUNTRY,Asia,Myanmar,549,198,1070
2005,104,COUNTRY,Asia,Myanmar,545,198,1060
2006,104,COUNTRY,Asia,Myanmar,540,198,1050
2007,104,COUNTRY,Asia,Myanmar,535,198,1040
2008,104,COUNTRY,Asia,Myanmar,530,197,1020
2009,104,COUNTRY,Asia,Myanmar,525,197,1010
2010,104,COUNTRY,Asia,Myanmar,500,205,923
2011,104,COUNTRY,Asia,Myanmar,476,211,846
2012,104,COUNTRY,Asia,Myanmar,453,215,777
2013,104,COUNTRY,Asia,Myanmar,431,218,715
2014,104,COUNTRY,Asia,Myanmar,411,220,659
2015,104,COUNTRY,Asia,Myanmar,391,221,609
2016,104,COUNTRY,Asia,Myanmar,372,221,563
2017,104,COUNTRY,Asia,Myanmar,355,219,522
2018,104,COUNTRY,Asia,Myanmar,338,217,484
2019,104,COUNTRY,Asia,Myanmar,322,212,454
2020,104,COUNTRY,Asia,Myanmar,306,196,445
2021,104,COUNTRY,Asia,Myanmar,362,236,517
2022,104,COUNTRY,Asia,Myanmar,475,312,675
2000,116,COUNTRY,Asia,Cambodia,579,215,1120
2001,116,COUNTRY,Asia,Cambodia,566,216,1080
2002,116,COUNTRY,Asia,Cambodia,553,217,1040
2003,116,COUNTRY,Asia,Cambodia,539,218,1000
2004,116,COUNTRY,Asia,Cambodia,525,219,961
2005,116,COUNTRY,Asia,Cambodia,510,219,921
2006,116,COUNTRY,Asia,Cambodia,495,219,882
2007,116,COUNTRY,Asia,Cambodia,481,219,843
2008,116,COUNTRY,Asia,Cambodia,466,218,805
2009,116,COUNTRY,Asia,Cambodia,452,217,769
2010,116,COUNTRY,Asia,Cambodia,438,216,736
2011,116,COUNTRY,Asia,Cambodia,425,215,705
2012,116,COUNTRY,Asia,Cambodia,412,214,673
2013,116,COUNTRY,Asia,Cambodia,398,212,641
2014,116,COUNTRY,Asia,Cambodia,383,210,607
2015,116,COUNTRY,Asia,Cambodia,366,207,570
2016,116,COUNTRY,Asia,Cambodia,348,203,532
2017,116,COUNTRY,Asia,Cambodia,329,198,492
2018,116,COUNTRY,Asia,Cambodia,308,192,451
2019,116,COUNTRY,Asia,Cambodia,287,186,410
2020,116,COUNTRY,Asia,Cambodia,279,180,393
2021,116,COUNTRY,Asia,Cambodia,282,183,395
2022,116,COUNTRY,Asia,Cambodia,320,207,444
2000,144,COUNTRY,Asia,Sri Lanka,66,46,90
2001,144,COUNTRY,Asia,Sri Lanka,66,42,96
2002,144,COUNTRY,Asia,Sri Lanka,66,48,87
2003,144,COUNTRY,Asia,Sri Lanka,66,49,86
2004,144,COUNTRY,Asia,Sri Lanka,66,46,89
2005,144,COUNTRY,Asia,Sri Lanka,66,49,85
2006,144,COUNTRY,Asia,Sri Lanka,66,46,90
2007,144,COUNTRY,Asia,Sri Lanka,66,46,89
2008,144,COUNTRY,Asia,Sri Lanka,66,48,87
2009,144,COUNTRY,Asia,Sri Lanka,66,49,86
2010,144,COUNTRY,Asia,Sri Lanka,66,50,85
2011,144,COUNTRY,Asia,Sri Lanka,66,51,84
2012,144,COUNTRY,Asia,Sri Lanka,66,46,90
2013,144,COUNTRY,Asia,Sri Lanka,66,47,89
2014,144,COUNTRY,Asia,Sri Lanka,65,47,87
2015,144,COUNTRY,Asia,Sri Lanka,65,46,87
2016,144,COUNTRY,Asia,Sri Lanka,65,47,85
2017,144,COUNTRY,Asia,Sri Lanka,64,47,84
2018,144,COUNTRY,Asia,Sri Lanka,64,47,83
2019,144,COUNTRY,Asia,Sri Lanka,64,47,83
2020,144,COUNTRY,Asia,Sri Lanka,63,46,83
2021,144,COUNTRY,Asia,Sri Lanka,63,46,83
2022,144,COUNTRY,Asia,Sri Lanka,62,45,82
2000,156,COUNTRY,Asia,China,107,61,167
2001,156,COUNTRY,Asia,China,104,62,157
2002,156,COUNTRY,Asia,China,100,62,147
2003,156,COUNTRY,Asia,China,97,63,138
2004,156,COUNTRY,Asia,China,94,64,129
2005,156,COUNTRY,Asia,China,91,64,121
2006,156,COUNTRY,Asia,China,88,65,114
2007,156,COUNTRY,Asia,China,85,65,107
2008,156,COUNTRY,Asia,China,82,66,101
2009,156,COUNTRY,Asia,China,81,65,99
2010,156,COUNTRY,Asia,China,76,62,91
2011,156,COUNTRY,Asia,China,75,61,90
2012,156,COUNTRY,Asia,China,73,60,88
2013,156,COUNTRY,Asia,China,70,58,83
2014,156,COUNTRY,Asia,China,67,56,79
2015,156,COUNTRY,Asia,China,65,54,76
2016,156,COUNTRY,Asia,China,63,53,74
2017,156,COUNTRY,Asia,China,62,53,73
2018,156,COUNTRY,Asia,China,61,51,71
2019,156,COUNTRY,Asia,China,58,50,67
2020,156,COUNTRY,Asia,China,58,50,67
2021,156,COUNTRY,Asia,China,55,47,63
2022,156,COUNTRY,Asia,China,52,44,61
2000,275,NATIONAL LIBERATION MOVEMENT,Asia,"occupied Palestinian territory, including east Jerusalem",3.3,2.5,4.1
2001,275,NATIONAL LIBERATION MOVEMENT,Asia,"occupied Palestinian territory, including east Jerusalem",2.6,2,3.3
2002,275,NATIONAL LIBERATION MOVEMENT,Asia,"occupied Palestinian territory, including east Jerusalem",2,1.5,2.5
2003,275,NATIONAL LIBERATION MOVEMENT,Asia,"occupied Palestinian territory, including east Jerusalem",1.3,1,1.7
2004,275,NATIONAL LIBERATION MOVEMENT,Asia,"occupied Palestinian territory, including east Jerusalem",0.83,0.64,1.1
2005,275,NATIONAL LIBERATION MOVEMENT,Asia,"occupied Palestinian territory, including east Jerusalem",0.99,0.76,1.3
2006,275,NATIONAL LIBERATION MOVEMENT,Asia,"occupied Palestinian territory, including east Jerusalem",1.4,1.1,1.8
2007,275,NATIONAL LIBERATION MOVEMENT,Asia,"occupied Palestinian territory, including east Jerusalem",1.1,0.85,1.4
2008,275,NATIONAL LIBERATION MOVEMENT,Asia,"occupied Palestinian territory, including east Jerusalem",1.3,1,1.7
2009,275,NATIONAL LIBERATION MOVEMENT,Asia,"occupied Palestinian territory, including east Jerusalem",1.1,0.86,1.4
2010,275,NATIONAL LIBERATION MOVEMENT,Asia,"occupied Palestinian territory, including east Jerusalem",0.97,0.74,1.2
2011,275,NATIONAL LIBERATION MOVEMENT,Asia,"occupied Palestinian territory, including east Jerusalem",0.98,0.75,1.2
2012,275,NATIONAL LIBERATION MOVEMENT,Asia,"occupied Palestinian territory, including east Jerusalem",0.96,0.73,1.2
2013,275,NATIONAL LIBERATION MOVEMENT,Asia,"occupied Palestinian territory, including east Jerusalem",1.1,0.84,1.4
2014,275,NATIONAL LIBERATION MOVEMENT,Asia,"occupied Palestinian territory, including east Jerusalem",1.2,0.94,1.6
2015,275,NATIONAL LIBERATION MOVEMENT,Asia,"occupied Palestinian territory, including east Jerusalem",1.1,0.88,1.4
2016,275,NATIONAL LIBERATION MOVEMENT,Asia,"occupied Palestinian territory, including east Jerusalem",0.98,0.75,1.2
2017,275,NATIONAL LIBERATION MOVEMENT,Asia,"occupied Palestinian territory, including east Jerusalem",0.77,0.59,0.98
2018,275,NATIONAL LIBERATION MOVEMENT,Asia,"occupied Palestinian territory, including east Jerusalem",0.78,0.6,0.99
2019,275,NATIONAL LIBERATION MOVEMENT,Asia,"occupied Palestinian territory, including east Jerusalem",0.53,0.41,0.68
2020,275,NATIONAL LIBERATION MOVEMENT,Asia,"occupied Palestinian territory, including east Jerusalem",0.65,0.5,0.82
2021,275,NATIONAL LIBERATION MOVEMENT,Asia,"occupied Palestinian territory, including east Jerusalem",0.61,0.47,0.77
2022,275,NATIONAL LIBERATION MOVEMENT,Asia,"occupied Palestinian territory, including east Jerusalem",0.5,0.38,0.63
2000,344,SPECIAL ADMINISTRATIVE REGION (SAR),Asia,"China, Hong Kong SAR",103,88,119
2001,344,SPECIAL ADMINISTRATIVE REGION (SAR),Asia,"China, Hong Kong SAR",115,98,133
2002,344,SPECIAL ADMINISTRATIVE REGION (SAR),Asia,"China, Hong Kong SAR",105,90,122
2003,344,SPECIAL ADMINISTRATIVE REGION (SAR),Asia,"China, Hong Kong SAR",99,85,114
2004,344,SPECIAL ADMINISTRATIVE REGION (SAR),Asia,"China, Hong Kong SAR",95,81,109
2005,344,SPECIAL ADMINISTRATIVE REGION (SAR),Asia,"China, Hong Kong SAR",94,80,108
2006,344,SPECIAL ADMINISTRATIVE REGION (SAR),Asia,"China, Hong Kong SAR",91,78,106
2007,344,SPECIAL ADMINISTRATIVE REGION (SAR),Asia,"China, Hong Kong SAR",88,75,102
2008,344,SPECIAL ADMINISTRATIVE REGION (SAR),Asia,"China, Hong Kong SAR",90,77,104
2009,344,SPECIAL ADMINISTRATIVE REGION (SAR),Asia,"China, Hong Kong SAR",84,72,97
2010,344,SPECIAL ADMINISTRATIVE REGION (SAR),Asia,"China, Hong Kong SAR",80,68,92
2011,344,SPECIAL ADMINISTRATIVE REGION (SAR),Asia,"China, Hong Kong SAR",76,65,88
2012,344,SPECIAL ADMINISTRATIVE REGION (SAR),Asia,"China, Hong Kong SAR",76,65,88
2013,344,SPECIAL ADMINISTRATIVE REGION (SAR),Asia,"China, Hong Kong SAR",75,64,86
2014,344,SPECIAL ADMINISTRATIVE REGION (SAR),Asia,"China, Hong Kong SAR",74,64,86
2015,344,SPECIAL ADMINISTRATIVE REGION (SAR),Asia,"China, Hong Kong SAR",70,60,81
2016,344,SPECIAL ADMINISTRATIVE REGION (SAR),Asia,"China, Hong Kong SAR",68,58,79
2017,344,SPECIAL ADMINISTRATIVE REGION (SAR),Asia,"China, Hong Kong SAR",66,57,77
2018,344,SPECIAL ADMINISTRATIVE REGION (SAR),Asia,"China, Hong Kong SAR",66,56,76
2019,344,SPECIAL ADMINISTRATIVE REGION (SAR),Asia,"China, Hong Kong SAR",62,53,72
2020,344,SPECIAL ADMINISTRATIVE REGION (SAR),Asia,"China, Hong Kong SAR",56,48,65
2021,344,SPECIAL ADMINISTRATIVE REGION (SAR),Asia,"China, Hong Kong SAR",57,49,66
2022,344,SPECIAL ADMINISTRATIVE REGION (SAR),Asia,"China, Hong Kong SAR",49,42,57
2000,356,COUNTRY,Asia,India,322,110,644
2001,356,COUNTRY,Asia,India,321,110,642
2002,356,COUNTRY,Asia,India,320,110,638
2003,356,COUNTRY,Asia,India,318,110,632
2004,356,COUNTRY,Asia,India,315,111,623
2005,356,COUNTRY,Asia,India,311,111,610
2006,356,COUNTRY,Asia,India,305,112,593
2007,356,COUNTRY,Asia,India,298,112,573
2008,356,COUNTRY,Asia,India,291,113,552
2009,356,COUNTRY,Asia,India,283,113,530
2010,356,COUNTRY,Asia,India,276,114,508
2011,356,COUNTRY,Asia,India,268,138,440
2012,356,COUNTRY,Asia,India,258,141,410
2013,356,COUNTRY,Asia,India,248,141,385
2014,356,COUNTRY,Asia,India,243,171,329
2015,356,COUNTRY,Asia,India,237,181,300
2016,356,COUNTRY,Asia,India,225,191,263
2017,356,COUNTRY,Asia,India,217,192,242
2018,356,COUNTRY,Asia,India,208,185,233
2019,356,COUNTRY,Asia,India,202,179,226
2020,356,COUNTRY,Asia,India,197,171,225
2021,356,COUNTRY,Asia,India,200,172,230
2022,356,COUNTRY,Asia,India,199,169,231
2000,360,COUNTRY,Asia,Indonesia,370,331,411
2001,360,COUNTRY,Asia,Indonesia,369,331,409
2002,360,COUNTRY,Asia,Indonesia,367,329,408
2003,360,COUNTRY,Asia,Indonesia,366,328,405
2004,360,COUNTRY,Asia,Indonesia,363,326,402
2005,360,COUNTRY,Asia,Indonesia,360,324,399
2006,360,COUNTRY,Asia,Indonesia,357,321,395
2007,360,COUNTRY,Asia,Indonesia,353,318,390
2008,360,COUNTRY,Asia,Indonesia,349,315,385
2009,360,COUNTRY,Asia,Indonesia,345,312,381
2010,360,COUNTRY,Asia,Indonesia,342,309,376
2011,360,COUNTRY,Asia,Indonesia,338,306,372
2012,360,COUNTRY,Asia,Indonesia,335,303,368
2013,360,COUNTRY,Asia,Indonesia,332,301,365
2014,360,COUNTRY,Asia,Indonesia,329,298,361
2015,360,COUNTRY,Asia,Indonesia,325,295,357
2016,360,COUNTRY,Asia,Indonesia,322,293,353
2017,360,COUNTRY,Asia,Indonesia,319,290,349
2018,360,COUNTRY,Asia,Indonesia,316,287,345
2019,360,COUNTRY,Asia,Indonesia,312,285,341
2020,360,COUNTRY,Asia,Indonesia,301,277,325
2021,360,COUNTRY,Asia,Indonesia,339,304,369
2022,360,COUNTRY,Asia,Indonesia,385,335,423
2000,364,COUNTRY,Asia,Iran (Islamic Republic of),23,14,34
2001,364,COUNTRY,Asia,Iran (Islamic Republic of),22,14,33
2002,364,COUNTRY,Asia,Iran (Islamic Republic of),21,13,31
2003,364,COUNTRY,Asia,Iran (Islamic Republic of),20,13,29
2004,364,COUNTRY,Asia,Iran (Islamic Republic of),18,12,26
2005,364,COUNTRY,Asia,Iran (Islamic Republic of),17,12,22
2006,364,COUNTRY,Asia,Iran (Islamic Republic of),17,12,22
2007,364,COUNTRY,Asia,Iran (Islamic Republic of),16,12,22
2008,364,COUNTRY,Asia,Iran (Islamic Republic of),16,12,22
2009,364,COUNTRY,Asia,Iran (Islamic Republic of),17,12,24
2010,364,COUNTRY,Asia,Iran (Islamic Republic of),18,12,24
2011,364,COUNTRY,Asia,Iran (Islamic Republic of),18,12,26
2012,364,COUNTRY,Asia,Iran (Islamic Republic of),18,12,25
2013,364,COUNTRY,Asia,Iran (Islamic Republic of),18,12,25
2014,364,COUNTRY,Asia,Iran (Islamic Republic of),16,12,22
2015,364,COUNTRY,Asia,Iran (Islamic Republic of),16,12,22
2016,364,COUNTRY,Asia,Iran (Islamic Republic of),15,11,19
2017,364,COUNTRY,Asia,Iran (Islamic Republic of),14,10,18
2018,364,COUNTRY,Asia,Iran (Islamic Republic of),14,10,17
2019,364,COUNTRY,Asia,Iran (Islamic Republic of),13,9.8,16
2020,364,COUNTRY,Asia,Iran (Islamic Republic of),12,9.4,16
2021,364,COUNTRY,Asia,Iran (Islamic Republic of),12,8.8,15
2022,364,COUNTRY,Asia,Iran (Islamic Republic of),11,8.3,15
2000,368,COUNTRY,Asia,Iraq,50,40,62
2001,368,COUNTRY,Asia,Iraq,50,39,62
2002,368,COUNTRY,Asia,Iraq,49,39,61
2003,368,COUNTRY,Asia,Iraq,49,39,60
2004,368,COUNTRY,Asia,Iraq,49,38,60
2005,368,COUNTRY,Asia,Iraq,48,38,59
2006,368,COUNTRY,Asia,Iraq,48,38,58
2007,368,COUNTRY,Asia,Iraq,47,38,58
2008,368,COUNTRY,Asia,Iraq,47,37,57
2009,368,COUNTRY,Asia,Iraq,46,37,56
2010,368,COUNTRY,Asia,Iraq,45,36,55
2011,368,COUNTRY,Asia,Iraq,44,36,54
2012,368,COUNTRY,Asia,Iraq,43,35,52
2013,368,COUNTRY,Asia,Iraq,41,34,49
2014,368,COUNTRY,Asia,Iraq,39,32,46
2015,368,COUNTRY,Asia,Iraq,37,31,43
2016,368,COUNTRY,Asia,Iraq,35,30,40
2017,368,COUNTRY,Asia,Iraq,33,28,38
2018,368,COUNTRY,Asia,Iraq,31,26,35
2019,368,COUNTRY,Asia,Iraq,28,25,32
2020,368,COUNTRY,Asia,Iraq,26,23,30
2021,368,COUNTRY,Asia,Iraq,24,21,28
2022,368,COUNTRY,Asia,Iraq,23,19,26
2000,392,COUNTRY,Asia,Japan,36,31,41
2001,392,COUNTRY,Asia,Japan,32,27,37
2002,392,COUNTRY,Asia,Japan,30,25,34
2003,392,COUNTRY,Asia,Japan,29,24,33
2004,392,COUNTRY,Asia,Japan,27,23,31
2005,392,COUNTRY,Asia,Japan,24,21,28
2006,392,COUNTRY,Asia,Japan,23,19,26
2007,392,COUNTRY,Asia,Japan,22,19,26
2008,392,COUNTRY,Asia,Japan,22,19,25
2009,392,COUNTRY,Asia,Japan,21,18,25
2010,392,COUNTRY,Asia,Japan,20,17,24
2011,392,COUNTRY,Asia,Japan,20,17,23
2012,392,COUNTRY,Asia,Japan,19,16,22
2013,392,COUNTRY,Asia,Japan,18,16,21
2014,392,COUNTRY,Asia,Japan,18,15,20
2015,392,COUNTRY,Asia,Japan,17,14,19
2016,392,COUNTRY,Asia,Japan,16,14,18
2017,392,COUNTRY,Asia,Japan,15,13,18
2018,392,COUNTRY,Asia,Japan,14,12,16
2019,392,COUNTRY,Asia,Japan,13,11,15
2020,392,COUNTRY,Asia,Japan,12,10,14
2021,392,COUNTRY,Asia,Japan,11,9.1,12
2022,392,COUNTRY,Asia,Japan,9.5,8.1,11
2000,398,COUNTRY,Asia,Kazakhstan,171,47,375
2001,398,COUNTRY,Asia,Kazakhstan,185,44,425
2002,398,COUNTRY,Asia,Kazakhstan,193,42,456
2003,398,COUNTRY,Asia,Kazakhstan,196,41,469
2004,398,COUNTRY,Asia,Kazakhstan,195,41,465
2005,398,COUNTRY,Asia,Kazakhstan,187,43,433
2006,398,COUNTRY,Asia,Kazakhstan,175,46,391
2007,398,COUNTRY,Asia,Kazakhstan,164,48,350
2008,398,COUNTRY,Asia,Kazakhstan,158,49,330
2009,398,COUNTRY,Asia,Kazakhstan,152,50,311
2010,398,COUNTRY,Asia,Kazakhstan,144,51,285
2011,398,COUNTRY,Asia,Kazakhstan,135,52,257
2012,398,COUNTRY,Asia,Kazakhstan,122,52,220
2013,398,COUNTRY,Asia,Kazakhstan,106,52,180
2014,398,COUNTRY,Asia,Kazakhstan,91,50,144
2015,398,COUNTRY,Asia,Kazakhstan,81,48,122
2016,398,COUNTRY,Asia,Kazakhstan,73,46,107
2017,398,COUNTRY,Asia,Kazakhstan,69,44,98
2018,398,COUNTRY,Asia,Kazakhstan,67,44,95
2019,398,COUNTRY,Asia,Kazakhstan,68,44,98
2020,398,COUNTRY,Asia,Kazakhstan,67,45,92
2021,398,COUNTRY,Asia,Kazakhstan,72,50,98
2022,398,COUNTRY,Asia,Kazakhstan,78,52,108
2000,400,COUNTRY,Asia,Jordan,7.5,5.2,10
2001,400,COUNTRY,Asia,Jordan,8.2,5.4,12
2002,400,COUNTRY,Asia,Jordan,7.3,5.1,10
2003,400,COUNTRY,Asia,Jordan,7.4,5.1,10
2004,400,COUNTRY,Asia,Jordan,7.3,5.1,9.8
2005,400,COUNTRY,Asia,Jordan,8,5.4,11
2006,400,COUNTRY,Asia,Jordan,7.8,5.3,11
2007,400,COUNTRY,Asia,Jordan,6.7,4.8,8.9
2008,400,COUNTRY,Asia,Jordan,6.8,4.9,9
2009,400,COUNTRY,Asia,Jordan,6.7,4.8,8.9
2010,400,COUNTRY,Asia,Jordan,5.8,4.4,7.4
2011,400,COUNTRY,Asia,Jordan,5.4,4.1,6.7
2012,400,COUNTRY,Asia,Jordan,5.1,4,6.4
2013,400,COUNTRY,Asia,Jordan,5.1,4,6.4
2014,400,COUNTRY,Asia,Jordan,5.4,4.2,6.8
2015,400,COUNTRY,Asia,Jordan,5.7,4.3,7.3
2016,400,COUNTRY,Asia,Jordan,5.4,4.2,6.9
2017,400,COUNTRY,Asia,Jordan,6.7,4.8,8.9
2018,400,COUNTRY,Asia,Jordan,5,3.9,6.1
2019,400,COUNTRY,Asia,Jordan,5.5,4.2,7
2020,400,COUNTRY,Asia,Jordan,4.6,3.5,5.9
2021,400,COUNTRY,Asia,Jordan,4.2,3.1,5.5
2022,400,COUNTRY,Asia,Jordan,3.8,2.6,5.1
2000,408,COUNTRY,Asia,Democratic People's Republic of Korea,513,446,584
2001,408,COUNTRY,Asia,Democratic People's Republic of Korea,513,446,584
2002,408,COUNTRY,Asia,Democratic People's Republic of Korea,513,446,584
2003,408,COUNTRY,Asia,Democratic People's Republic of Korea,513,446,584
2004,408,COUNTRY,Asia,Democratic People's Republic of Korea,513,446,584
2005,408,COUNTRY,Asia,Democratic People's Republic of Korea,513,446,584
2006,408,COUNTRY,Asia,Democratic People's Republic of Korea,513,446,584
2007,408,COUNTRY,Asia,Democratic People's Republic of Korea,513,446,584
2008,408,COUNTRY,Asia,Democratic People's Republic of Korea,513,446,584
2009,408,COUNTRY,Asia,Democratic People's Republic of Korea,513,446,584
2010,408,COUNTRY,Asia,Democratic People's Republic of Korea,513,446,584
2011,408,COUNTRY,Asia,Democratic People's Republic of Korea,513,446,584
2012,408,COUNTRY,Asia,Democratic People's Republic of Korea,513,446,584
2013,408,COUNTRY,Asia,Democratic People's Republic of Korea,513,446,584
2014,408,COUNTRY,Asia,Democratic People's Republic of Korea,513,446,584
2015,408,COUNTRY,Asia,Democratic People's Republic of Korea,513,446,584
2016,408,COUNTRY,Asia,Democratic People's Republic of Korea,513,446,584
2017,408,COUNTRY,Asia,Democratic People's Republic of Korea,513,446,584
2018,408,COUNTRY,Asia,Democratic People's Republic of Korea,513,446,584
2019,408,COUNTRY,Asia,Democratic People's Republic of Korea,513,446,584
2020,408,COUNTRY,Asia,Democratic People's Republic of Korea,513,441,590
2021,408,COUNTRY,Asia,Democratic People's Republic of Korea,513,441,590
2022,408,COUNTRY,Asia,Democratic People's Republic of Korea,513,441,590
2000,410,COUNTRY,Asia,Republic of Korea,50,46,53
2001,410,COUNTRY,Asia,Republic of Korea,85,79,91
2002,410,COUNTRY,Asia,Republic of Korea,79,74,85
2003,410,COUNTRY,Asia,Republic of Korea,83,77,89
2004,410,COUNTRY,Asia,Republic of Korea,78,72,83
2005,410,COUNTRY,Asia,Republic of Korea,96,89,103
2006,410,COUNTRY,Asia,Republic of Korea,94,87,100
2007,410,COUNTRY,Asia,Republic of Korea,93,86,99
2008,410,COUNTRY,Asia,Republic of Korea,90,83,96
2009,410,COUNTRY,Asia,Republic of Korea,95,89,102
2010,410,COUNTRY,Asia,Republic of Korea,97,90,103
2011,410,COUNTRY,Asia,Republic of Korea,101,94,108
2012,410,COUNTRY,Asia,Republic of Korea,94,88,101
2013,410,COUNTRY,Asia,Republic of Korea,89,83,95
2014,410,COUNTRY,Asia,Republic of Korea,85,79,91
2015,410,COUNTRY,Asia,Republic of Korea,79,73,84
2016,410,COUNTRY,Asia,Republic of Korea,76,71,81
2017,410,COUNTRY,Asia,Republic of Korea,69,65,74
2018,410,COUNTRY,Asia,Republic of Korea,64,60,69
2019,410,COUNTRY,Asia,Republic of Korea,58,54,62
2020,410,COUNTRY,Asia,Republic of Korea,48,44,51
2021,410,COUNTRY,Asia,Republic of Korea,44,41,47
2022,410,COUNTRY,Asia,Republic of Korea,39,37,42
2000,414,COUNTRY,Asia,Kuwait,30,26,35
2001,414,COUNTRY,Asia,Kuwait,29,25,33
2002,414,COUNTRY,Asia,Kuwait,33,28,38
2003,414,COUNTRY,Asia,Kuwait,31,27,36
2004,414,COUNTRY,Asia,Kuwait,30,25,34
2005,414,COUNTRY,Asia,Kuwait,27,23,31
2006,414,COUNTRY,Asia,Kuwait,31,27,36
2007,414,COUNTRY,Asia,Kuwait,30,25,34
2008,414,COUNTRY,Asia,Kuwait,38,32,43
2009,414,COUNTRY,Asia,Kuwait,38,33,44
2010,414,COUNTRY,Asia,Kuwait,37,32,43
2011,414,COUNTRY,Asia,Kuwait,25,21,28
2012,414,COUNTRY,Asia,Kuwait,25,21,29
2013,414,COUNTRY,Asia,Kuwait,22,19,26
2014,414,COUNTRY,Asia,Kuwait,22,19,26
2015,414,COUNTRY,Asia,Kuwait,22,19,25
2016,414,COUNTRY,Asia,Kuwait,24,20,27
2017,414,COUNTRY,Asia,Kuwait,27,24,32
2018,414,COUNTRY,Asia,Kuwait,22,19,25
2019,414,COUNTRY,Asia,Kuwait,20,18,24
2020,414,COUNTRY,Asia,Kuwait,18,16,21
2021,414,COUNTRY,Asia,Kuwait,20,17,23
2022,414,COUNTRY,Asia,Kuwait,12,10,14
2000,417,COUNTRY,Asia,Kyrgyzstan,145,118,175
2001,417,COUNTRY,Asia,Kyrgyzstan,154,123,188
2002,417,COUNTRY,Asia,Kyrgyzstan,152,122,186
2003,417,COUNTRY,Asia,Kyrgyzstan,146,118,176
2004,417,COUNTRY,Asia,Kyrgyzstan,139,114,167
2005,417,COUNTRY,Asia,Kyrgyzstan,143,117,173
2006,417,COUNTRY,Asia,Kyrgyzstan,139,114,166
2007,417,COUNTRY,Asia,Kyrgyzstan,135,111,161
2008,417,COUNTRY,Asia,Kyrgyzstan,148,120,180
2009,417,COUNTRY,Asia,Kyrgyzstan,128,107,151
2010,417,COUNTRY,Asia,Kyrgyzstan,120,101,140
2011,417,COUNTRY,Asia,Kyrgyzstan,125,104,147
2012,417,COUNTRY,Asia,Kyrgyzstan,127,106,150
2013,417,COUNTRY,Asia,Kyrgyzstan,142,116,171
2014,417,COUNTRY,Asia,Kyrgyzstan,126,105,148
2015,417,COUNTRY,Asia,Kyrgyzstan,136,112,162
2016,417,COUNTRY,Asia,Kyrgyzstan,133,110,158
2017,417,COUNTRY,Asia,Kyrgyzstan,124,104,146
2018,417,COUNTRY,Asia,Kyrgyzstan,116,98,135
2019,417,COUNTRY,Asia,Kyrgyzstan,110,94,127
2020,417,COUNTRY,Asia,Kyrgyzstan,106,92,126
2021,417,COUNTRY,Asia,Kyrgyzstan,115,99,134
2022,417,COUNTRY,Asia,Kyrgyzstan,130,106,152
2000,418,COUNTRY,Asia,Lao People's Democratic Republic,330,115,656
2001,418,COUNTRY,Asia,Lao People's Democratic Republic,317,116,617
2002,418,COUNTRY,Asia,Lao People's Democratic Republic,305,117,580
2003,418,COUNTRY,Asia,Lao People's Democratic Republic,293,118,546
2004,418,COUNTRY,Asia,Lao People's Democratic Republic,282,118,514
2005,418,COUNTRY,Asia,Lao People's Democratic Republic,270,118,484
2006,418,COUNTRY,Asia,Lao People's Democratic Republic,260,118,456
2007,418,COUNTRY,Asia,Lao People's Democratic Republic,249,118,429
2008,418,COUNTRY,Asia,Lao People's Democratic Republic,240,117,405
2009,418,COUNTRY,Asia,Lao People's Democratic Republic,230,116,382
2010,418,COUNTRY,Asia,Lao People's Democratic Republic,221,115,361
2011,418,COUNTRY,Asia,Lao People's Democratic Republic,213,114,341
2012,418,COUNTRY,Asia,Lao People's Democratic Republic,204,113,322
2013,418,COUNTRY,Asia,Lao People's Democratic Republic,197,111,306
2014,418,COUNTRY,Asia,Lao People's Democratic Republic,189,110,290
2015,418,COUNTRY,Asia,Lao People's Democratic Republic,182,108,275
2016,418,COUNTRY,Asia,Lao People's Democratic Republic,175,106,260
2017,418,COUNTRY,Asia,Lao People's Democratic Republic,168,105,247
2018,418,COUNTRY,Asia,Lao People's Democratic Republic,162,103,234
2019,418,COUNTRY,Asia,Lao People's Democratic Republic,155,100,222
2020,418,COUNTRY,Asia,Lao People's Democratic Republic,149,97,213
2021,418,COUNTRY,Asia,Lao People's Democratic Republic,143,91,208
2022,418,COUNTRY,Asia,Lao People's Democratic Republic,138,86,202
2000,422,COUNTRY,Asia,Lebanon,15,13,18
2001,422,COUNTRY,Asia,Lebanon,14,12,16
2002,422,COUNTRY,Asia,Lebanon,11,9.7,13
2003,422,COUNTRY,Asia,Lebanon,9.7,8.3,11
2004,422,COUNTRY,Asia,Lebanon,9.9,8.5,11
2005,422,COUNTRY,Asia,Lebanon,9.7,8.3,11
2006,422,COUNTRY,Asia,Lebanon,9.1,7.8,11
2007,422,COUNTRY,Asia,Lebanon,11,9.7,13
2008,422,COUNTRY,Asia,Lebanon,12,11,14
2009,422,COUNTRY,Asia,Lebanon,12,9.9,13
2010,422,COUNTRY,Asia,Lebanon,12,10,14
2011,422,COUNTRY,Asia,Lebanon,11,9.7,13
2012,422,COUNTRY,Asia,Lebanon,14,12,16
2013,422,COUNTRY,Asia,Lebanon,14,12,16
2014,422,COUNTRY,Asia,Lebanon,12,11,14
2015,422,COUNTRY,Asia,Lebanon,12,10,14
2016,422,COUNTRY,Asia,Lebanon,12,10,14
2017,422,COUNTRY,Asia,Lebanon,12,10,13
2018,422,COUNTRY,Asia,Lebanon,13,11,15
2019,422,COUNTRY,Asia,Lebanon,15,13,17
2020,422,COUNTRY,Asia,Lebanon,13,11,15
2021,422,COUNTRY,Asia,Lebanon,9.7,8.3,11
2022,422,COUNTRY,Asia,Lebanon,11,9.1,12
2000,446,SPECIAL ADMINISTRATIVE REGION (SAR),Asia,"China, Macao SAR",120,102,138
2001,446,SPECIAL ADMINISTRATIVE REGION (SAR),Asia,"China, Macao SAR",122,104,141
2002,446,SPECIAL ADMINISTRATIVE REGION (SAR),Asia,"China, Macao SAR",99,85,115
2003,446,SPECIAL ADMINISTRATIVE REGION (SAR),Asia,"China, Macao SAR",93,80,108
2004,446,SPECIAL ADMINISTRATIVE REGION (SAR),Asia,"China, Macao SAR",81,70,94
2005,446,SPECIAL ADMINISTRATIVE REGION (SAR),Asia,"China, Macao SAR",94,80,108
2006,446,SPECIAL ADMINISTRATIVE REGION (SAR),Asia,"China, Macao SAR",95,81,109
2007,446,SPECIAL ADMINISTRATIVE REGION (SAR),Asia,"China, Macao SAR",85,73,99
2008,446,SPECIAL ADMINISTRATIVE REGION (SAR),Asia,"China, Macao SAR",86,73,99
2009,446,SPECIAL ADMINISTRATIVE REGION (SAR),Asia,"China, Macao SAR",73,62,84
2010,446,SPECIAL ADMINISTRATIVE REGION (SAR),Asia,"China, Macao SAR",81,70,94
2011,446,SPECIAL ADMINISTRATIVE REGION (SAR),Asia,"China, Macao SAR",77,65,88
2012,446,SPECIAL ADMINISTRATIVE REGION (SAR),Asia,"China, Macao SAR",80,68,92
2013,446,SPECIAL ADMINISTRATIVE REGION (SAR),Asia,"China, Macao SAR",84,72,97
2014,446,SPECIAL ADMINISTRATIVE REGION (SAR),Asia,"China, Macao SAR",75,64,87
2015,446,SPECIAL ADMINISTRATIVE REGION (SAR),Asia,"China, Macao SAR",69,59,80
2016,446,SPECIAL ADMINISTRATIVE REGION (SAR),Asia,"China, Macao SAR",66,56,76
2017,446,SPECIAL ADMINISTRATIVE REGION (SAR),Asia,"China, Macao SAR",68,58,79
2018,446,SPECIAL ADMINISTRATIVE REGION (SAR),Asia,"China, Macao SAR",58,49,67
2019,446,SPECIAL ADMINISTRATIVE REGION (SAR),Asia,"China, Macao SAR",63,54,73
2020,446,SPECIAL ADMINISTRATIVE REGION (SAR),Asia,"China, Macao SAR",62,53,71
2021,446,SPECIAL ADMINISTRATIVE REGION (SAR),Asia,"China, Macao SAR",57,48,65
2022,446,SPECIAL ADMINISTRATIVE REGION (SAR),Asia,"China, Macao SAR",49,42,56
2000,458,COUNTRY,Asia,Malaysia,75,66,84
2001,458,COUNTRY,Asia,Malaysia,72,64,81
2002,458,COUNTRY,Asia,Malaysia,68,61,76
2003,458,COUNTRY,Asia,Malaysia,73,65,82
2004,458,COUNTRY,Asia,Malaysia,68,61,76
2005,458,COUNTRY,Asia,Malaysia,69,61,77
2006,458,COUNTRY,Asia,Malaysia,70,63,79
2007,458,COUNTRY,Asia,Malaysia,69,62,77
2008,458,COUNTRY,Asia,Malaysia,72,64,81
2009,458,COUNTRY,Asia,Malaysia,72,64,81
2010,458,COUNTRY,Asia,Malaysia,75,66,85
2011,458,COUNTRY,Asia,Malaysia,80,70,90
2012,458,COUNTRY,Asia,Malaysia,86,75,99
2013,458,COUNTRY,Asia,Malaysia,91,78,105
2014,458,COUNTRY,Asia,Malaysia,93,79,107
2015,458,COUNTRY,Asia,Malaysia,90,77,103
2016,458,COUNTRY,Asia,Malaysia,94,80,109
2017,458,COUNTRY,Asia,Malaysia,94,80,109
2018,458,COUNTRY,Asia,Malaysia,92,79,106
2019,458,COUNTRY,Asia,Malaysia,92,79,106
2020,458,COUNTRY,Asia,Malaysia,91,79,106
2021,458,COUNTRY,Asia,Malaysia,97,83,113
2022,458,COUNTRY,Asia,Malaysia,113,92,130
2000,462,COUNTRY,Asia,Maldives,59,38,85
2001,462,COUNTRY,Asia,Maldives,61,38,89
2002,462,COUNTRY,Asia,Maldives,53,35,74
2003,462,COUNTRY,Asia,Maldives,57,37,81
2004,462,COUNTRY,Asia,Maldives,48,33,65
2005,462,COUNTRY,Asia,Maldives,48,33,65
2006,462,COUNTRY,Asia,Maldives,38,29,48
2007,462,COUNTRY,Asia,Maldives,47,33,64
2008,462,COUNTRY,Asia,Maldives,44,32,58
2009,462,COUNTRY,Asia,Maldives,35,27,45
2010,462,COUNTRY,Asia,Maldives,32,26,40
2011,462,COUNTRY,Asia,Maldives,29,23,34
2012,462,COUNTRY,Asia,Maldives,35,27,43
2013,462,COUNTRY,Asia,Maldives,34,27,43
2014,462,COUNTRY,Asia,Maldives,36,28,46
2015,462,COUNTRY,Asia,Maldives,42,31,55
2016,462,COUNTRY,Asia,Maldives,44,32,59
2017,462,COUNTRY,Asia,Maldives,34,27,43
2018,462,COUNTRY,Asia,Maldives,33,26,42
2019,462,COUNTRY,Asia,Maldives,36,28,46
2020,462,COUNTRY,Asia,Maldives,37,28,47
2021,462,COUNTRY,Asia,Maldives,38,29,48
2022,462,COUNTRY,Asia,Maldives,39,30,49
2000,496,COUNTRY,Asia,Mongolia,428,220,703
2001,496,COUNTRY,Asia,Mongolia,428,220,703
2002,496,COUNTRY,Asia,Mongolia,428,220,703
2003,496,COUNTRY,Asia,Mongolia,428,220,703
2004,496,COUNTRY,Asia,Mongolia,428,220,703
2005,496,COUNTRY,Asia,Mongolia,428,220,703
2006,496,COUNTRY,Asia,Mongolia,428,220,703
2007,496,COUNTRY,Asia,Mongolia,428,220,703
2008,496,COUNTRY,Asia,Mongolia,428,220,703
2009,496,COUNTRY,Asia,Mongolia,428,220,703
2010,496,COUNTRY,Asia,Mongolia,428,220,703
2011,496,COUNTRY,Asia,Mongolia,428,220,703
2012,496,COUNTRY,Asia,Mongolia,428,220,703
2013,496,COUNTRY,Asia,Mongolia,428,220,703
2014,496,COUNTRY,Asia,Mongolia,428,220,703
2015,496,COUNTRY,Asia,Mongolia,428,220,703
2016,496,COUNTRY,Asia,Mongolia,428,220,703
2017,496,COUNTRY,Asia,Mongolia,428,220,703
2018,496,COUNTRY,Asia,Mongolia,428,220,703
2019,496,COUNTRY,Asia,Mongolia,428,220,703
2020,496,COUNTRY,Asia,Mongolia,402,205,716
2021,496,COUNTRY,Asia,Mongolia,414,220,735
2022,496,COUNTRY,Asia,Mongolia,452,252,799
2000,512,COUNTRY,Asia,Oman,16,13,18
2001,512,COUNTRY,Asia,Oman,14,12,16
2002,512,COUNTRY,Asia,Oman,14,12,16
2003,512,COUNTRY,Asia,Oman,12,10,14
2004,512,COUNTRY,Asia,Oman,14,12,16
2005,512,COUNTRY,Asia,Oman,12,10,14
2006,512,COUNTRY,Asia,Oman,15,13,18
2007,512,COUNTRY,Asia,Oman,14,12,17
2008,512,COUNTRY,Asia,Oman,15,13,18
2009,512,COUNTRY,Asia,Oman,14,12,16
2010,512,COUNTRY,Asia,Oman,12,11,14
2011,512,COUNTRY,Asia,Oman,12,10,14
2012,512,COUNTRY,Asia,Oman,12,11,14
2013,512,COUNTRY,Asia,Oman,9.9,8.5,11
2014,512,COUNTRY,Asia,Oman,10,8.8,12
2015,512,COUNTRY,Asia,Oman,9,7.7,10
2016,512,COUNTRY,Asia,Oman,9,7.7,10
2017,512,COUNTRY,Asia,Oman,6.8,5.8,7.9
2018,512,COUNTRY,Asia,Oman,6.1,5.3,7.1
2019,512,COUNTRY,Asia,Oman,9.2,7.9,11
2020,512,COUNTRY,Asia,Oman,7.9,6.8,9.2
2021,512,COUNTRY,Asia,Oman,5.9,5,6.8
2022,512,COUNTRY,Asia,Oman,9.3,7.9,11
2000,524,COUNTRY,Asia,Nepal,417,235,652
2001,524,COUNTRY,Asia,Nepal,405,228,633
2002,524,COUNTRY,Asia,Nepal,393,221,614
2003,524,COUNTRY,Asia,Nepal,382,215,597
2004,524,COUNTRY,Asia,Nepal,371,208,579
2005,524,COUNTRY,Asia,Nepal,360,202,562
2006,524,COUNTRY,Asia,Nepal,350,196,547
2007,524,COUNTRY,Asia,Nepal,339,190,531
2008,524,COUNTRY,Asia,Nepal,329,185,515
2009,524,COUNTRY,Asia,Nepal,320,179,500
2010,524,COUNTRY,Asia,Nepal,311,175,485
2011,524,COUNTRY,Asia,Nepal,302,170,470
2012,524,COUNTRY,Asia,Nepal,293,166,455
2013,524,COUNTRY,Asia,Nepal,284,162,440
2014,524,COUNTRY,Asia,Nepal,276,159,425
2015,524,COUNTRY,Asia,Nepal,268,155,411
2016,524,COUNTRY,Asia,Nepal,260,152,397
2017,524,COUNTRY,Asia,Nepal,253,148,384
2018,524,COUNTRY,Asia,Nepal,245,145,371
2019,524,COUNTRY,Asia,Nepal,238,141,359
2020,524,COUNTRY,Asia,Nepal,226,140,375
2021,524,COUNTRY,Asia,Nepal,226,140,377
2022,524,COUNTRY,Asia,Nepal,229,141,382
2000,586,COUNTRY,Asia,Pakistan,275,174,399
2001,586,COUNTRY,Asia,Pakistan,275,174,399
2002,586,COUNTRY,Asia,Pakistan,275,174,399
2003,586,COUNTRY,Asia,Pakistan,276,174,400
2004,586,COUNTRY,Asia,Pakistan,276,174,400
2005,586,COUNTRY,Asia,Pakistan,276,174,400
2006,586,COUNTRY,Asia,Pakistan,276,174,400
2007,586,COUNTRY,Asia,Pakistan,276,174,400
2008,586,COUNTRY,Asia,Pakistan,276,174,400
2009,586,COUNTRY,Asia,Pakistan,276,174,400
2010,586,COUNTRY,Asia,Pakistan,276,174,400
2011,586,COUNTRY,Asia,Pakistan,276,174,400
2012,586,COUNTRY,Asia,Pakistan,276,174,400
2013,586,COUNTRY,Asia,Pakistan,275,174,399
2014,586,COUNTRY,Asia,Pakistan,270,173,389
2015,586,COUNTRY,Asia,Pakistan,270,178,381
2016,586,COUNTRY,Asia,Pakistan,268,190,360
2017,586,COUNTRY,Asia,Pakistan,267,188,359
2018,586,COUNTRY,Asia,Pakistan,265,187,356
2019,586,COUNTRY,Asia,Pakistan,263,187,353
2020,586,COUNTRY,Asia,Pakistan,257,183,345
2021,586,COUNTRY,Asia,Pakistan,266,194,355
2022,586,COUNTRY,Asia,Pakistan,258,189,350
2000,608,COUNTRY,Asia,Philippines,590,307,964
2001,608,COUNTRY,Asia,Philippines,579,305,939
2002,608,COUNTRY,Asia,Philippines,569,304,916
2003,608,COUNTRY,Asia,Philippines,559,302,893
2004,608,COUNTRY,Asia,Philippines,549,301,870
2005,608,COUNTRY,Asia,Philippines,539,299,849
2006,608,COUNTRY,Asia,Philippines,530,297,828
2007,608,COUNTRY,Asia,Philippines,520,292,813
2008,608,COUNTRY,Asia,Philippines,524,294,819
2009,608,COUNTRY,Asia,Philippines,528,296,825
2010,608,COUNTRY,Asia,Philippines,531,298,830
2011,608,COUNTRY,Asia,Philippines,535,300,836
2012,608,COUNTRY,Asia,Philippines,539,302,842
2013,608,COUNTRY,Asia,Philippines,543,305,848
2014,608,COUNTRY,Asia,Philippines,546,307,854
2015,608,COUNTRY,Asia,Philippines,550,309,860
2016,608,COUNTRY,Asia,Philippines,554,311,866
2017,608,COUNTRY,Asia,Philippines,554,311,866
2018,608,COUNTRY,Asia,Philippines,554,311,866
2019,608,COUNTRY,Asia,Philippines,554,311,866
2020,608,COUNTRY,Asia,Philippines,544,297,899
2021,608,COUNTRY,Asia,Philippines,596,322,991
2022,608,COUNTRY,Asia,Philippines,638,337,1060
2002,626,COUNTRY,Asia,Timor-Leste,498,322,712
2003,626,COUNTRY,Asia,Timor-Leste,498,358,662
2004,626,COUNTRY,Asia,Timor-Leste,498,394,615
2005,626,COUNTRY,Asia,Timor-Leste,498,390,620
2006,626,COUNTRY,Asia,Timor-Leste,498,368,648
2007,626,COUNTRY,Asia,Timor-Leste,498,322,712
2008,626,COUNTRY,Asia,Timor-Leste,498,322,712
2009,626,COUNTRY,Asia,Timor-Leste,498,457,541
2010,626,COUNTRY,Asia,Timor-Leste,498,434,567
2011,626,COUNTRY,Asia,Timor-Leste,498,413,592
2012,626,COUNTRY,Asia,Timor-Leste,498,361,656
2013,626,COUNTRY,Asia,Timor-Leste,498,349,673
2014,626,COUNTRY,Asia,Timor-Leste,498,322,712
2015,626,COUNTRY,Asia,Timor-Leste,498,322,712
2016,626,COUNTRY,Asia,Timor-Leste,498,322,712
2017,626,COUNTRY,Asia,Timor-Leste,498,322,712
2018,626,COUNTRY,Asia,Timor-Leste,498,322,711
2019,626,COUNTRY,Asia,Timor-Leste,498,322,711
2020,626,COUNTRY,Asia,Timor-Leste,498,322,711
2021,626,COUNTRY,Asia,Timor-Leste,498,322,711
2022,626,COUNTRY,Asia,Timor-Leste,498,322,711
2000,634,COUNTRY,Asia,Qatar,50,43,57
2001,634,COUNTRY,Asia,Qatar,48,41,56
2002,634,COUNTRY,Asia,Qatar,45,38,52
2003,634,COUNTRY,Asia,Qatar,42,36,49
2004,634,COUNTRY,Asia,Qatar,40,34,46
2005,634,COUNTRY,Asia,Qatar,44,38,51
2006,634,COUNTRY,Asia,Qatar,38,33,44
2007,634,COUNTRY,Asia,Qatar,37,32,43
2008,634,COUNTRY,Asia,Qatar,45,39,52
2009,634,COUNTRY,Asia,Qatar,44,38,51
2010,634,COUNTRY,Asia,Qatar,39,33,45
2011,634,COUNTRY,Asia,Qatar,35,30,41
2012,634,COUNTRY,Asia,Qatar,44,38,51
2013,634,COUNTRY,Asia,Qatar,34,29,39
2014,634,COUNTRY,Asia,Qatar,24,21,28
2015,634,COUNTRY,Asia,Qatar,25,22,29
2016,634,COUNTRY,Asia,Qatar,22,19,26
2017,634,COUNTRY,Asia,Qatar,25,22,29
2018,634,COUNTRY,Asia,Qatar,31,27,36
2019,634,COUNTRY,Asia,Qatar,35,30,41
2020,634,COUNTRY,Asia,Qatar,36,31,41
2021,634,COUNTRY,Asia,Qatar,42,36,49
2022,634,COUNTRY,Asia,Qatar,37,32,43
2000,682,COUNTRY,Asia,Saudi Arabia,18,16,21
2001,682,COUNTRY,Asia,Saudi Arabia,17,15,20
2002,682,COUNTRY,Asia,Saudi Arabia,17,15,20
2003,682,COUNTRY,Asia,Saudi Arabia,16,14,19
2004,682,COUNTRY,Asia,Saudi Arabia,16,14,19
2005,682,COUNTRY,Asia,Saudi Arabia,17,14,19
2006,682,COUNTRY,Asia,Saudi Arabia,17,15,20
2007,682,COUNTRY,Asia,Saudi Arabia,17,15,20
2008,682,COUNTRY,Asia,Saudi Arabia,17,14,19
2009,682,COUNTRY,Asia,Saudi Arabia,16,14,19
2010,682,COUNTRY,Asia,Saudi Arabia,17,15,20
2011,682,COUNTRY,Asia,Saudi Arabia,15,13,17
2012,682,COUNTRY,Asia,Saudi Arabia,14,12,16
2013,682,COUNTRY,Asia,Saudi Arabia,13,11,14
2014,682,COUNTRY,Asia,Saudi Arabia,12,9.9,13
2015,682,COUNTRY,Asia,Saudi Arabia,12,9.9,13
2016,682,COUNTRY,Asia,Saudi Arabia,10,8.6,12
2017,682,COUNTRY,Asia,Saudi Arabia,9.6,8.2,11
2018,682,COUNTRY,Asia,Saudi Arabia,9.7,8.3,11
2019,682,COUNTRY,Asia,Saudi Arabia,9.4,8.1,11
2020,682,COUNTRY,Asia,Saudi Arabia,7.8,6.7,9
2021,682,COUNTRY,Asia,Saudi Arabia,8.2,7.1,9.5
2022,682,COUNTRY,Asia,Saudi Arabia,8.2,7,9.4
2000,702,COUNTRY,Asia,Singapore,49,42,57
2001,702,COUNTRY,Asia,Singapore,43,37,50
2002,702,COUNTRY,Asia,Singapore,42,36,48
2003,702,COUNTRY,Asia,Singapore,43,37,50
2004,702,COUNTRY,Asia,Singapore,38,33,44
2005,702,COUNTRY,Asia,Singapore,36,31,42
2006,702,COUNTRY,Asia,Singapore,34,29,39
2007,702,COUNTRY,Asia,Singapore,34,29,39
2008,702,COUNTRY,Asia,Singapore,37,32,43
2009,702,COUNTRY,Asia,Singapore,35,30,40
2010,702,COUNTRY,Asia,Singapore,35,30,40
2011,702,COUNTRY,Asia,Singapore,36,31,41
2012,702,COUNTRY,Asia,Singapore,49,42,57
2013,702,COUNTRY,Asia,Singapore,45,39,52
2014,702,COUNTRY,Asia,Singapore,45,38,52
2015,702,COUNTRY,Asia,Singapore,44,38,51
2016,702,COUNTRY,Asia,Singapore,49,42,57
2017,702,COUNTRY,Asia,Singapore,46,40,54
2018,702,COUNTRY,Asia,Singapore,46,39,53
2019,702,COUNTRY,Asia,Singapore,41,35,47
2020,702,COUNTRY,Asia,Singapore,46,39,53
2021,702,COUNTRY,Asia,Singapore,48,41,55
2022,702,COUNTRY,Asia,Singapore,51,44,59
2000,704,COUNTRY,Asia,Viet Nam,296,90,624
2001,704,COUNTRY,Asia,Viet Nam,290,95,592
2002,704,COUNTRY,Asia,Viet Nam,284,100,563
2003,704,COUNTRY,Asia,Viet Nam,278,105,535
2004,704,COUNTRY,Asia,Viet Nam,272,109,509
2005,704,COUNTRY,Asia,Viet Nam,266,113,484
2006,704,COUNTRY,Asia,Viet Nam,260,116,460
2007,704,COUNTRY,Asia,Viet Nam,253,119,437
2008,704,COUNTRY,Asia,Viet Nam,246,119,417
2009,704,COUNTRY,Asia,Viet Nam,239,119,398
2010,704,COUNTRY,Asia,Viet Nam,231,119,380
2011,704,COUNTRY,Asia,Viet Nam,225,119,363
2012,704,COUNTRY,Asia,Viet Nam,218,119,346
2013,704,COUNTRY,Asia,Viet Nam,212,119,331
2014,704,COUNTRY,Asia,Viet Nam,205,118,317
2015,704,COUNTRY,Asia,Viet Nam,199,117,303
2016,704,COUNTRY,Asia,Viet Nam,193,116,290
2017,704,COUNTRY,Asia,Viet Nam,188,115,278
2018,704,COUNTRY,Asia,Viet Nam,182,114,265
2019,704,COUNTRY,Asia,Viet Nam,176,112,255
2020,704,COUNTRY,Asia,Viet Nam,170,113,251
2021,704,COUNTRY,Asia,Viet Nam,165,111,241
2022,704,COUNTRY,Asia,Viet Nam,176,121,251
2000,760,COUNTRY,Asia,Syrian Arab Republic,39,22,61
2001,760,COUNTRY,Asia,Syrian Arab Republic,37,21,58
2002,760,COUNTRY,Asia,Syrian Arab Republic,35,21,53
2003,760,COUNTRY,Asia,Syrian Arab Republic,35,21,52
2004,760,COUNTRY,Asia,Syrian Arab Republic,32,20,47
2005,760,COUNTRY,Asia,Syrian Arab Republic,29,19,42
2006,760,COUNTRY,Asia,Syrian Arab Republic,26,18,35
2007,760,COUNTRY,Asia,Syrian Arab Republic,27,18,37
2008,760,COUNTRY,Asia,Syrian Arab Republic,23,16,30
2009,760,COUNTRY,Asia,Syrian Arab Republic,24,17,32
2010,760,COUNTRY,Asia,Syrian Arab Republic,21,16,28
2011,760,COUNTRY,Asia,Syrian Arab Republic,21,16,28
2012,760,COUNTRY,Asia,Syrian Arab Republic,18,14,23
2013,760,COUNTRY,Asia,Syrian Arab Republic,17,14,22
2014,760,COUNTRY,Asia,Syrian Arab Republic,23,17,31
2015,760,COUNTRY,Asia,Syrian Arab Republic,20,15,26
2016,760,COUNTRY,Asia,Syrian Arab Republic,22,16,29
2017,760,COUNTRY,Asia,Syrian Arab Republic,20,15,26
2018,760,COUNTRY,Asia,Syrian Arab Republic,19,15,25
2019,760,COUNTRY,Asia,Syrian Arab Republic,19,15,24
2020,760,COUNTRY,Asia,Syrian Arab Republic,18,14,23
2021,760,COUNTRY,Asia,Syrian Arab Republic,18,13,23
2022,760,COUNTRY,Asia,Syrian Arab Republic,17,13,22
2000,762,COUNTRY,Asia,Tajikistan,219,101,382
2001,762,COUNTRY,Asia,Tajikistan,222,101,389
2002,762,COUNTRY,Asia,Tajikistan,220,101,385
2003,762,COUNTRY,Asia,Tajikistan,215,101,372
2004,762,COUNTRY,Asia,Tajikistan,207,100,351
2005,762,COUNTRY,Asia,Tajikistan,196,99,325
2006,762,COUNTRY,Asia,Tajikistan,183,98,295
2007,762,COUNTRY,Asia,Tajikistan,169,95,263
2008,762,COUNTRY,Asia,Tajikistan,155,92,233
2009,762,COUNTRY,Asia,Tajikistan,141,88,205
2010,762,COUNTRY,Asia,Tajikistan,128,84,181
2011,762,COUNTRY,Asia,Tajikistan,117,80,161
2012,762,COUNTRY,Asia,Tajikistan,108,76,144
2013,762,COUNTRY,Asia,Tajikistan,100,72,131
2014,762,COUNTRY,Asia,Tajikistan,91,68,117
2015,762,COUNTRY,Asia,Tajikistan,86,66,109
2016,762,COUNTRY,Asia,Tajikistan,85,65,108
2017,762,COUNTRY,Asia,Tajikistan,85,65,107
2018,762,COUNTRY,Asia,Tajikistan,84,64,106
2019,762,COUNTRY,Asia,Tajikistan,83,64,104
2020,762,COUNTRY,Asia,Tajikistan,79,60,102
2021,762,COUNTRY,Asia,Tajikistan,79,60,102
2022,762,COUNTRY,Asia,Tajikistan,78,60,102
2000,764,COUNTRY,Asia,Thailand,241,78,496
2001,764,COUNTRY,Asia,Thailand,245,77,508
2002,764,COUNTRY,Asia,Thailand,244,77,505
2003,764,COUNTRY,Asia,Thailand,240,78,490
2004,764,COUNTRY,Asia,Thailand,232,79,467
2005,764,COUNTRY,Asia,Thailand,224,80,441
2006,764,COUNTRY,Asia,Thailand,215,81,413
2007,764,COUNTRY,Asia,Thailand,205,81,385
2008,764,COUNTRY,Asia,Thailand,196,82,360
2009,764,COUNTRY,Asia,Thailand,188,93,317
2010,764,COUNTRY,Asia,Thailand,181,99,288
2011,764,COUNTRY,Asia,Thailand,176,98,276
2012,764,COUNTRY,Asia,Thailand,172,92,277
2013,764,COUNTRY,Asia,Thailand,170,97,264
2014,764,COUNTRY,Asia,Thailand,167,96,257
2015,764,COUNTRY,Asia,Thailand,163,95,249
2016,764,COUNTRY,Asia,Thailand,160,104,227
2017,764,COUNTRY,Asia,Thailand,156,117,201
2018,764,COUNTRY,Asia,Thailand,153,116,196
2019,764,COUNTRY,Asia,Thailand,150,114,191
2020,764,COUNTRY,Asia,Thailand,146,113,187
2021,764,COUNTRY,Asia,Thailand,146,114,182
2022,764,COUNTRY,Asia,Thailand,155,122,193
2000,784,COUNTRY,Asia,United Arab Emirates,4,3.5,4.7
2001,784,COUNTRY,Asia,United Arab Emirates,2.5,2.1,2.8
2002,784,COUNTRY,Asia,United Arab Emirates,2.8,2.4,3.3
2003,784,COUNTRY,Asia,United Arab Emirates,3.5,3,4.1
2004,784,COUNTRY,Asia,United Arab Emirates,2.6,2.3,3.1
2005,784,COUNTRY,Asia,United Arab Emirates,2.8,2.4,3.2
2006,784,COUNTRY,Asia,United Arab Emirates,2.1,1.8,2.4
2007,784,COUNTRY,Asia,United Arab Emirates,1.9,1.6,2.2
2008,784,COUNTRY,Asia,United Arab Emirates,1.5,1.3,1.8
2009,784,COUNTRY,Asia,United Arab Emirates,1.7,1.4,1.9
2010,784,COUNTRY,Asia,United Arab Emirates,1.8,1.5,2.1
2011,784,COUNTRY,Asia,United Arab Emirates,1.4,1.2,1.6
2012,784,COUNTRY,Asia,United Arab Emirates,1,0.9,1.2
2013,784,COUNTRY,Asia,United Arab Emirates,1.1,0.91,1.2
2014,784,COUNTRY,Asia,United Arab Emirates,0.78,0.67,0.9
2015,784,COUNTRY,Asia,United Arab Emirates,0.79,0.67,0.91
2016,784,COUNTRY,Asia,United Arab Emirates,0.82,0.7,0.95
2017,784,COUNTRY,Asia,United Arab Emirates,0.84,0.72,0.97
2018,784,COUNTRY,Asia,United Arab Emirates,1,0.88,1.2
2019,784,COUNTRY,Asia,United Arab Emirates,1,0.85,1.2
2020,784,COUNTRY,Asia,United Arab Emirates,0.77,0.66,0.89
2021,784,COUNTRY,Asia,United Arab Emirates,0.81,0.69,0.94
2022,784,COUNTRY,Asia,United Arab Emirates,0.76,0.65,0.87
2000,795,COUNTRY,Asia,Turkmenistan,112,53,192
2001,795,COUNTRY,Asia,Turkmenistan,108,53,183
2002,795,COUNTRY,Asia,Turkmenistan,100,52,162
2003,795,COUNTRY,Asia,Turkmenistan,116,53,203
2004,795,COUNTRY,Asia,Turkmenistan,90,50,141
2005,795,COUNTRY,Asia,Turkmenistan,84,49,128
2006,795,COUNTRY,Asia,Turkmenistan,84,49,127
2007,795,COUNTRY,Asia,Turkmenistan,88,50,136
2008,795,COUNTRY,Asia,Turkmenistan,95,51,152
2009,795,COUNTRY,Asia,Turkmenistan,79,48,117
2010,795,COUNTRY,Asia,Turkmenistan,79,48,118
2011,795,COUNTRY,Asia,Turkmenistan,66,44,93
2012,795,COUNTRY,Asia,Turkmenistan,70,45,99
2013,795,COUNTRY,Asia,Turkmenistan,71,46,102
2014,795,COUNTRY,Asia,Turkmenistan,58,41,78
2015,795,COUNTRY,Asia,Turkmenistan,49,37,64
2016,795,COUNTRY,Asia,Turkmenistan,46,35,58
2017,795,COUNTRY,Asia,Turkmenistan,43,33,54
2018,795,COUNTRY,Asia,Turkmenistan,46,35,59
2019,795,COUNTRY,Asia,Turkmenistan,45,34,56
2020,795,COUNTRY,Asia,Turkmenistan,46,35,59
2021,795,COUNTRY,Asia,Turkmenistan,47,36,60
2022,795,COUNTRY,Asia,Turkmenistan,48,37,61
2000,860,COUNTRY,Asia,Uzbekistan,99,50,163
2001,860,COUNTRY,Asia,Uzbekistan,107,51,184
2002,860,COUNTRY,Asia,Uzbekistan,113,68,170
2003,860,COUNTRY,Asia,Uzbekistan,117,83,156
2004,860,COUNTRY,Asia,Uzbekistan,119,51,215
2005,860,COUNTRY,Asia,Uzbekistan,120,65,191
2006,860,COUNTRY,Asia,Uzbekistan,116,78,162
2007,860,COUNTRY,Asia,Uzbekistan,110,60,175
2008,860,COUNTRY,Asia,Uzbekistan,105,51,179
2009,860,COUNTRY,Asia,Uzbekistan,101,64,147
2010,860,COUNTRY,Asia,Uzbekistan,97,50,159
2011,860,COUNTRY,Asia,Uzbekistan,93,50,150
2012,860,COUNTRY,Asia,Uzbekistan,89,49,141
2013,860,COUNTRY,Asia,Uzbekistan,86,69,104
2014,860,COUNTRY,Asia,Uzbekistan,82,60,108
2015,860,COUNTRY,Asia,Uzbekistan,79,53,110
2016,860,COUNTRY,Asia,Uzbekistan,76,50,107
2017,860,COUNTRY,Asia,Uzbekistan,73,49,102
2018,860,COUNTRY,Asia,Uzbekistan,70,48,96
2019,860,COUNTRY,Asia,Uzbekistan,67,47,91
2020,860,COUNTRY,Asia,Uzbekistan,66,47,90
2021,860,COUNTRY,Asia,Uzbekistan,72,53,97
2022,860,COUNTRY,Asia,Uzbekistan,83,57,115
2000,887,COUNTRY,Asia,Yemen,116,93,142
2001,887,COUNTRY,Asia,Yemen,110,90,131
2002,887,COUNTRY,Asia,Yemen,102,87,119
2003,887,COUNTRY,Asia,Yemen,95,82,108
2004,887,COUNTRY,Asia,Yemen,87,76,99
2005,887,COUNTRY,Asia,Yemen,80,71,90
2006,887,COUNTRY,Asia,Yemen,73,65,81
2007,887,COUNTRY,Asia,Yemen,66,61,72
2008,887,COUNTRY,Asia,Yemen,60,56,65
2009,887,COUNTRY,Asia,Yemen,55,50,61
2010,887,COUNTRY,Asia,Yemen,52,46,58
2011,887,COUNTRY,Asia,Yemen,50,44,56
2012,887,COUNTRY,Asia,Yemen,48,43,55
2013,887,COUNTRY,Asia,Yemen,48,42,54
2014,887,COUNTRY,Asia,Yemen,48,42,54
2015,887,COUNTRY,Asia,Yemen,48,42,54
2016,887,COUNTRY,Asia,Yemen,48,42,54
2017,887,COUNTRY,Asia,Yemen,48,42,54
2018,887,COUNTRY,Asia,Yemen,48,42,54
2019,887,COUNTRY,Asia,Yemen,48,42,54
2020,887,COUNTRY,Asia,Yemen,48,41,55
2021,887,COUNTRY,Asia,Yemen,48,41,55
2022,887,COUNTRY,Asia,Yemen,48,41,55
